anno,gruppo,n,punteggio_totale,english_result,matematica_ing,fisica_ing,inglese_ing,compr_verbale_ing,perc_20anni_o_piu,perc_extra_ue,perc_anche_ofa_test
2021,con OFA ENG,671,63.6,21.4,42.0,5.0,6.5,9.7,21.8,3.7,27.3
2021,senza OFA ENG,3014,72.6,27.4,46.4,5.6,8.9,10.6,19.2,2.0,8.1
2022,con OFA ENG,1454,47.7,20.5,39.0,4.5,6.3,9.2,28.4,9.5,18.6
2022,senza OFA ENG,4449,64.2,27.3,44.2,5.4,8.9,10.8,22.4,1.6,9.4
2023,con OFA ENG,1367,45.8,20.0,36.1,4.0,5.9,9.0,28.6,9.9,28.8
2023,senza OFA ENG,4359,59.3,27.2,41.5,4.9,8.9,10.4,22.0,1.2,15.6
2024,con OFA ENG,1509,44.5,19.6,20.2,2.5,6.0,4.7,27.2,0.5,0.0
2024,senza OFA ENG,4539,56.5,27.2,21.9,3.1,8.8,5.4,21.2,0.4,0.0
2025,con OFA ENG,1604,47.4,19.9,35.2,4.1,6.0,8.8,25.5,1.5,0.0
2025,senza OFA ENG,5926,58.3,27.2,39.8,4.9,8.9,10.2,16.2,1.0,0.0
2026,con OFA ENG,1415,68.5,20.5,,,,,21.4,10.1,0.0
2026,senza OFA ENG,5037,65.8,27.4,,,,,16.4,1.5,0.0
