corso,ammessi
PROGETTAZIONE DELL'ARCHITETTURA,1001
INGEGNERIA GESTIONALE,834
INGEGNERIA INFORMATICA,822
INGEGNERIA MECCANICA,697
INGEGNERIA BIOMEDICA,559
INGEGNERIA ENERGETICA,377
INGEGNERIA CHIMICA,312
INGEGNERIA DELL'AUTOMAZIONE,293
DESIGN DEL PRODOTTO INDUSTRIALE,286
INGEGNERIA FISICA,273
DESIGN DEGLI INTERNI,269
INGEGNERIA AEROSPAZIALE,265
INGEGNERIA DEI MATERIALI E DELLE NANOTECNOLOGIE,249
ENGINEERING SCIENCE,247
INGEGNERIA MATEMATICA,242
INGEGNERIA PER L'AMBIENTE E IL TERRITORIO,216
INGEGNERIA ELETTRONICA,210
INGEGNERIA CIVILE,203
DESIGN DELLA COMUNICAZIONE,174
DESIGN DELLA MODA,174
INGEGNERIA ELETTRICA,174
URBANISTICA: CITTA' AMBIENTE PAESAGGIO,173
INGEGNERIA INFORMATICA ONLINE,171
PROGETTAZIONE DELL'ARCHITETTURA - TAUGHT IN ENGLISH,167
INGEGNERIA EDILE E DELLE COSTRUZIONI,142
INGEGNERIA EDILE - ARCHITETTURA,123
INDUSTRIAL ENGINEERING,121
INGEGNERIA DELLA PRODUZIONE INDUSTRIALE,110
PROCESS ENGINEERING,104
INTERACTION DESIGN,81
INGEGNERIA CIVILE - CIVIL ENGINEERING,13
