corso,2021,2022,2023,2024,2025,2026
DESIGN DEGLI INTERNI,11.4 (19/166),14.1 (46/327),12.5 (38/304),12.1 (33/272),19.8 (16/81),23.4 (69/295)
DESIGN DEL PRODOTTO INDUSTRIALE,11.2 (18/160),13.5 (43/318),11.4 (34/297),13.6 (45/331),28.6 (22/77),18.0 (54/300)
DESIGN DELLA COMUNICAZIONE,3.7 (3/81),7.1 (14/196),3.7 (7/188),6.4 (12/188),,11.1 (20/180)
DESIGN DELLA MODA,8.2 (6/73),14.1 (23/163),3.8 (6/160),9.8 (16/164),,16.5 (29/176)
ENGINEERING SCIENCE,,,,,,86.6 (155/179)
INDUSTRIAL ENGINEERING,,,,,,94.9 (75/79)
INGEGNERIA AEROSPAZIALE,,,,,7.1 (15/212),13.0 (30/231)
INGEGNERIA BIOMEDICA,9.4 (5/53),8.5 (16/189),13.6 (38/280),14.4 (36/250),12.3 (62/503),11.7 (53/453)
INGEGNERIA CHIMICA,9.1 (13/143),12.1 (27/224),27.5 (52/189),25.2 (68/270),20.1 (68/339),19.5 (50/256)
INGEGNERIA CIVILE,15.9 (25/157),30.9 (43/139),29.5 (39/132),30.8 (37/120),24.6 (43/175),27.6 (37/134)
INGEGNERIA CIVILE - CIVIL ENGINEERING,100.0 (87/87),100.0 (50/50),24.4 (11/45),,,
INGEGNERIA DEI MATERIALI E DELLE NANOTECNOLOGIE,17.6 (33/188),15.1 (31/205),19.1 (31/162),30.0 (62/207),25.7 (80/311),21.7 (44/203)
INGEGNERIA DELL'AUTOMAZIONE,13.8 (26/189),20.1 (40/199),27.2 (55/202),23.4 (55/235),21.7 (73/336),22.1 (58/263)
INGEGNERIA DELLA PRODUZIONE INDUSTRIALE,35.0 (48/137),28.9 (22/76),41.5 (27/65),31.4 (33/105),38.2 (58/152),30.3 (33/109)
INGEGNERIA EDILE - ARCHITETTURA,,37.1 (52/140),34.4 (52/151),43.6 (82/188),33.6 (50/149),
INGEGNERIA EDILE E DELLE COSTRUZIONI,29.1 (32/110),19.3 (16/83),20.6 (13/63),10.9 (6/55),19.0 (20/105),23.7 (22/93)
INGEGNERIA ELETTRICA,26.7 (40/150),22.5 (34/151),39.6 (55/139),36.9 (72/195),29.7 (66/222),24.5 (35/143)
INGEGNERIA ELETTRONICA,19.1 (21/110),19.9 (28/141),23.0 (32/139),22.1 (32/145),14.8 (31/210),17.6 (33/188)
INGEGNERIA ENERGETICA,16.0 (42/262),11.5 (24/208),12.1 (26/214),22.1 (56/253),18.2 (61/336),14.5 (44/304)
INGEGNERIA FISICA,,,,15.8 (31/196),15.7 (39/249),12.5 (29/232)
INGEGNERIA GESTIONALE,16.1 (61/378),17.9 (77/430),18.6 (86/462),23.4 (110/470),18.0 (141/785),20.8 (148/710)
INGEGNERIA INFORMATICA,13.6 (54/398),13.2 (59/446),15.6 (68/436),20.4 (102/501),16.9 (129/764),17.7 (131/739)
INGEGNERIA INFORMATICA ONLINE,26.3 (51/194),34.1 (60/176),23.5 (38/162),38.3 (75/196),29.6 (76/257),24.3 (36/148)
INGEGNERIA MATEMATICA,5.4 (5/93),6.9 (8/116),6.2 (7/113),6.4 (6/94),9.1 (20/219),15.5 (33/213)
INGEGNERIA MECCANICA,12.8 (42/328),18.9 (73/386),19.0 (70/368),18.6 (54/291),14.2 (91/640),16.2 (95/585)
INGEGNERIA PER L'AMBIENTE E IL TERRITORIO,13.2 (21/159),17.3 (31/179),33.8 (51/151),34.1 (72/211),34.1 (89/261),14.7 (22/150)
PROCESS ENGINEERING,,,,,,90.0 (72/80)
PROGETTAZIONE DELL'ARCHITETTURA,,40.0 (460/1151),33.7 (360/1068),37.6 (414/1100),30.5 (346/1133),
PROGETTAZIONE DELL'ARCHITETTURA - TAUGHT IN ENGLISH,,100.0 (168/168),93.5 (157/168),,,
