scuola,corso,punteggio_minimo_ammesso,ammessi
Ingegneria,INGEGNERIA CIVILE - CIVIL ENGINEERING,86.0,13
Ingegneria,ENGINEERING SCIENCE,77.4,203
Ingegneria,INGEGNERIA AEROSPAZIALE,71.4,256
Urbanistica,URBANISTICA: CITTA' AMBIENTE PAESAGGIO,60,189
Ingegneria,INGEGNERIA MATEMATICA,57.8,249
Design,DESIGN DELLA COMUNICAZIONE,54.9,195
Ingegneria,INGEGNERIA EDILE E DELLE COSTRUZIONI,52.0,143
Design,DESIGN DEL PRODOTTO INDUSTRIALE,51.5,362
Design,DESIGN DEGLI INTERNI,51.2,376
Design,DESIGN DELLA MODA,51.2,181
Architettura,PROGETTAZIONE DELL'ARCHITETTURA - TAUGHT IN ENGLISH,40,80
Ingegneria,INGEGNERIA DELL'AUTOMAZIONE,39.6,395
Ingegneria,INGEGNERIA ELETTRONICA,38.6,267
Ingegneria,INGEGNERIA ENERGETICA,32.7,523
Ingegneria,INGEGNERIA CIVILE,31.1,289
Ingegneria,PROCESS ENGINEERING,30.8,111
Ingegneria,INGEGNERIA CHIMICA,30.5,434
Ingegneria,INGEGNERIA DELLA PRODUZIONE INDUSTRIALE,30.0,166
Ingegneria,INGEGNERIA FISICA,29.8,355
Ingegneria,INGEGNERIA BIOMEDICA,29.8,618
Ingegneria,INGEGNERIA PER L'AMBIENTE E IL TERRITORIO,29.8,365
Ingegneria,INGEGNERIA GESTIONALE,29.7,947
Ingegneria,INGEGNERIA INFORMATICA,29.6,943
Ingegneria,INGEGNERIA DEI MATERIALI E DELLE NANOTECNOLOGIE,29.6,422
Ingegneria,INGEGNERIA INFORMATICA ONLINE,29.6,259
Ingegneria,INGEGNERIA ELETTRICA,29.5,255
Ingegneria,INGEGNERIA MECCANICA,29.5,853
Ingegneria,INDUSTRIAL ENGINEERING,29.5,122
Architettura,INGEGNERIA EDILE - ARCHITETTURA,27.5,153
Architettura,PROGETTAZIONE DELL'ARCHITETTURA,27.2,1084
Design,INTERACTION DESIGN,27,65
